{"offline_id": "6f7c180ab6404fa1b0dfc90962a7798f", "project_name": "yolov5", "start_time": 1689247972010, "stop_time": 1689247974578, "tags": [], "workspace": null, "resume_strategy": "create", "customer_error_reported": true, "customer_error_message": "Unexpected error detected in the user script: UnicodeDecodeError('charmap', b\"# YOLOv5 \\xf0\\x9f\\x9a\\x80 by Ultralytics, AGPL-3.0 license\\r\\n# COCO128 dataset https://www.kaggle.com/ultralytics/coco128 (first 128 images from COCO train2017) by Ultralytics\\r\\n# Example usage: python train.py --data coco128.yaml\\r\\n# parent\\r\\n# \\xe2\\x94\\x9c\\xe2\\x94\\x80\\xe2\\x94\\x80 yolov5\\r\\n# \\xe2\\x94\\x94\\xe2\\x94\\x80\\xe2\\x94\\x80 datasets\\r\\n#     \\xe2\\x94\\x94\\xe2\\x94\\x80\\xe2\\x94\\x80 coco128  \\xe2\\x86\\x90 downloads here (7 MB)\\r\\n\\r\\n\\r\\n# Train/val/test sets as 1) dir: path/to/imgs, 2) file: path/to/imgs.txt, or 3) list: [path/to/imgs1, path/to/imgs2, ..]\\r\\npath: C:\\\\Users\\\\Hp\\\\Desktop\\\\mes projets\\\\reconnaissance de monnaie\\\\with yolov5\\\\images  # dataset root dir\\r\\ntrain: images/train  # train images (relative to 'path') 128 images\\r\\nval: images/test  # val images (relative to 'path') 128 images\\r\\ntest:  # test images (optional)\\r\\n\\r\\n# Classes\\r\\nnames:\\r\\n  0: 1dirham\\r\\n  1: 5dirhams\\r\\n  2: 20dirhams\\r\\n  3: 100dirhams\\r\\n  4: 50centimes\\r\\n  5: 20centimes\\r\\n \", 297, 298, 'character maps to <undefined>')"}