{"payload":{"installed_packages":["absl-py==1.4.0","aiofiles==22.1.0","aiosqlite==0.18.0","anyio==3.6.2","argon2-cffi-bindings==21.2.0","argon2-cffi==21.3.0","arrow==1.2.3","aspose-words==23.6.0","asttokens==2.0.8","astunparse==1.6.3","attrs==22.1.0","babel==2.11.0","backcall==0.2.0","beautifulsoup4==4.11.1","bleach==5.0.1","cachetools==5.3.1","certifi==2022.6.15.1","cffi==1.15.1","charset-normalizer==2.1.1","click==8.1.3","colorama==0.4.4","comet-ml==3.33.6","configobj==5.0.8","cpyquickhelper==0.3.412","customtkinter==5.2.0","cycler==0.11.0","cython==0.29.32","darkdetect==0.8.0","debugpy==1.6.3","decorator==5.1.1","defusedxml==0.7.1","dulwich==0.21.5","ensae-teaching-cs==0.10.3120","entrypoints==0.4","everett==3.1.0","executing==1.0.0","fastjsonschema==2.16.1","feedparser==6.0.10","filelock==3.12.2","fire==0.4.0","flask-wtf==1.0.1","flask==2.1.2","flatbuffers==23.5.26","fonttools==4.33.3","fqdn==1.5.1","gast==0.4.0","gitdb==4.0.10","gitpython==3.1.32","google-auth-oauthlib==1.0.0","google-auth==2.21.0","google-pasta==0.2.0","graphviz==0.20.1","grpcio==1.56.0","h5py==3.9.0","idna==3.3","ijson==3.1.4","imageio==2.31.1","ipykernel==6.15.2","ipython-genutils==0.2.0","ipython==8.5.0","ipywidgets==8.0.2","isoduration==20.11.0","itsdangerous==2.1.2","jax==0.4.13","jedi==0.18.1","jinja2==3.1.2","joblib==1.1.0","json5==0.9.11","jsonpointer==2.3","jsonschema==4.17.3","jupyter-client==8.0.2","jupyter-console==6.4.4","jupyter-core==5.2.0","jupyter-events==0.5.0","jupyter-server-fileid==0.6.0","jupyter-server-terminals==0.4.4","jupyter-server-ydoc==0.6.1","jupyter-server==2.2.1","jupyter-ydoc==0.2.2","jupyter==1.0.0","jupyterlab-pygments==0.2.2","jupyterlab-server==2.19.0","jupyterlab-widgets==3.0.3","jupyterlab==3.6.1","keras==2.12.0","kiwisolver==1.4.2","labelimg==1.8.6","libclang==16.0.0","lxml==4.9.1","manydataapi==0.1.7","markdown-it-py==3.0.0","markdown==3.4.3","markupsafe==2.1.1","matplotlib-inline==0.1.6","matplotlib==3.5.2","mdurl==0.1.2","mglearn==0.2.0","mistune==2.0.4","ml-dtypes==0.2.0","mlinsights==0.3.649","mlstatpy==0.3.593","mpmath==1.3.0","mysql-connector-python-rf==2.2.2","mysql-connector==2.2.9","mysql==0.0.3","mysqlclient==2.1.0","nbclassic==0.5.1","nbclient==0.6.8","nbconvert==7.0.0","nbformat==5.4.0","nest-asyncio==1.5.5","networkx==3.1","notebook-shim==0.2.2","notebook==6.4.12","numpy==1.22.4","oauthlib==3.2.2","opencv-python==4.8.0.74","opt-einsum==3.3.0","packaging==21.3","pandas-streaming==0.3.218","pandas==1.4.4","pandocfilters==1.5.0","parso==0.8.3","pickleshare==0.7.5","pillow==9.1.1","pip-install==1.3.5","pip==22.1","platformdirs==3.0.0","ply==3.11","prometheus-client==0.14.1","prompt-toolkit==3.0.31","protobuf==4.23.3","psutil==5.9.2","pure-eval==0.2.2","pyasn1-modules==0.3.0","pyasn1==0.5.0","pybind11==2.10.0","pycparser==2.21","pycryptodomex==3.15.0","pyenbc==1.2.4","pyensae==1.3.946","pygments==2.13.0","pymmails==0.3.319","pymyinstall==1.4.1958","pyparsing==3.0.9","pypng==0.20220715.0","pyqt5-qt5==5.15.2","pyqt5-sip==12.12.1","pyqt5==5.15.9","pyquickhelper==1.11.3755","pyquicksetup==0.2.4","pyrsistent==0.18.1","pyrsslocal==0.8.250","pyserial==3.5","python-box==6.1.0","python-dateutil==2.8.2","python-json-logger==2.0.4","python-vlc==3.0.18122","pytz==2022.2.1","pywin32==304","pywinpty==2.0.7","pyyaml==6.0","pyzmq==25.0.0","qrcode==7.4.2","qtconsole==5.3.2","qtpy==2.2.0","requests-oauthlib==1.3.1","requests-toolbelt==1.0.0","requests==2.28.1","rfc3339-validator==0.1.4","rfc3986-validator==0.1.1","rich==13.4.2","rsa==4.9","scikit-learn==1.1.2","scipy==1.8.1","seaborn==0.12.2","semantic-version==2.10.0","send2trash==1.8.0","sentry-sdk==1.28.0","setuptools==68.0.0","sgmllib3k==1.0.0","simplejson==3.19.1","sip==6.7.9","six==1.16.0","smmap==5.0.0","sniffio==1.3.0","soupsieve==2.3.2.post1","stack-data==0.5.0","sympy==1.12","tensorboard-data-server==0.7.1","tensorboard==2.12.3","tensorflow-estimator==2.12.0","tensorflow-intel==2.12.0","tensorflow-io-gcs-filesystem==0.31.0","tensorflow==2.12.0","termcolor==2.0.0","terminado==0.15.0","thop==0.1.1.post2209072238","threadpoolctl==3.1.0","tinycss2==1.1.1","tomli==2.0.1","torch==2.0.1","torchvision==0.15.2","tornado==6.2","tqdm==4.64.1","traitlets==5.9.0","typing-extensions==4.5.0","ultralytics==8.0.133","uri-template==1.2.0","urllib3==1.26.12","wcwidth==0.2.5","webcolors==1.12","webencodings==0.5.1","websocket-client==1.3.3","werkzeug==2.1.2","wheel==0.37.1","widgetsnbextension==4.0.3","wrapt==1.14.1","wtforms==3.0.1","wurlitzer==3.0.3","y-py==0.5.5","ypy-websocket==0.8.2"],"local_timestamp":1689242938467},"type":"ws_msg"}
{"payload":{"env_details":{"command":["train.py","--img","640","--batch","16","--epochs","3","--data","coco128.yaml","--weights","yolov5s.pt","--cache"],"env":null,"hostname":"DESKTOP-56VI2UD","ip":"192.168.1.7","machine":"AMD64","os":"Windows-10-10.0.19045-SP0","os_release":"10","os_type":"Windows","pid":12496,"processor":"Intel64 Family 6 Model 78 Stepping 3, GenuineIntel","python_exe":"C:\\Users\\Hp\\AppData\\Local\\Programs\\Python\\Python310\\python.exe","python_version":"3.10.4","python_version_verbose":"3.10.4 (tags/v3.10.4:9d38120, Mar 23 2022, 23:13:41) [MSC v.1929 64 bit (AMD64)]","user":"Hp"},"local_timestamp":1689242938698},"type":"ws_msg"}
{"payload":{"local_timestamp":1689242939193,"metric":{"epoch":null,"metricName":"sys.cpu.percent.avg","metricValue":52.55,"step":null}},"type":"metric_msg"}
{"payload":{"local_timestamp":1689242939193,"metric":{"epoch":null,"metricName":"sys.load.avg","metricValue":0.0,"step":null}},"type":"metric_msg"}
{"payload":{"local_timestamp":1689242939193,"metric":{"epoch":null,"metricName":"sys.ram.total","metricValue":17054658560,"step":null}},"type":"metric_msg"}
{"payload":{"local_timestamp":1689242939193,"metric":{"epoch":null,"metricName":"sys.ram.used","metricValue":11109900288,"step":null}},"type":"metric_msg"}
{"payload":{"local_timestamp":1689242939205,"param":{"paramName":"img","paramValue":640,"source":"cli","step":null}},"type":"parameter_msg"}
{"payload":{"local_timestamp":1689242939206,"param":{"paramName":"batch","paramValue":16,"source":"cli","step":null}},"type":"parameter_msg"}
{"payload":{"local_timestamp":1689242939206,"param":{"paramName":"epochs","paramValue":3,"source":"cli","step":null}},"type":"parameter_msg"}
{"payload":{"local_timestamp":1689242939206,"param":{"paramName":"data","paramValue":"coco128.yaml","source":"cli","step":null}},"type":"parameter_msg"}
{"payload":{"local_timestamp":1689242939206,"param":{"paramName":"weights","paramValue":"yolov5s.pt","source":"cli","step":null}},"type":"parameter_msg"}
{"payload":{"local_timestamp":1689242939206,"param":{"paramName":"cache","paramValue":true,"source":"cli","step":null}},"type":"parameter_msg"}
{"payload":{"local_timestamp":1689242939207,"log_other":{"key":"offline_experiment","val":true}},"type":"ws_msg"}
{"payload":{"local_timestamp":1689242939207,"log_other":{"key":"Name","val":"exp"}},"type":"ws_msg"}
{"payload":{"local_timestamp":1689242939210,"stderr":true,"stdout":"Traceback (most recent call last):\n"},"type":"ws_msg"}
{"payload":{"local_timestamp":1689242939211,"stderr":true,"stdout":"  File \"C:\\Users\\Hp\\Desktop\\mes projets\\reconnaissance de monnaie\\with yolov5\\yolov5\\train.py\", line 647, in <module>\n"},"type":"ws_msg"}
{"payload":{"local_timestamp":1689242939213,"stderr":true,"stdout":"    "},"type":"ws_msg"}
{"payload":{"local_timestamp":1689242939214,"stderr":true,"stdout":"main(opt)"},"type":"ws_msg"}
{"payload":{"local_timestamp":1689242939215,"stderr":true,"stdout":"\n"},"type":"ws_msg"}
{"payload":{"local_timestamp":1689242939217,"stderr":true,"stdout":"  File \"C:\\Users\\Hp\\Desktop\\mes projets\\reconnaissance de monnaie\\with yolov5\\yolov5\\train.py\", line 536, in main\n"},"type":"ws_msg"}
{"payload":{"local_timestamp":1689242939220,"stderr":true,"stdout":"    "},"type":"ws_msg"}
{"payload":{"local_timestamp":1689242939221,"stderr":true,"stdout":"train(opt.hyp, opt, device, callbacks)"},"type":"ws_msg"}
{"payload":{"local_timestamp":1689242939221,"stderr":true,"stdout":"\n"},"type":"ws_msg"}
{"payload":{"local_timestamp":1689242939223,"stderr":true,"stdout":"  File \"C:\\Users\\Hp\\Desktop\\mes projets\\reconnaissance de monnaie\\with yolov5\\yolov5\\train.py\", line 101, in train\n"},"type":"ws_msg"}
{"payload":{"local_timestamp":1689242939224,"stderr":true,"stdout":"    "},"type":"ws_msg"}
{"payload":{"local_timestamp":1689242939225,"stderr":true,"stdout":"loggers = Loggers(save_dir, weights, opt, hyp, LOGGER)  # loggers instance"},"type":"ws_msg"}
{"payload":{"local_timestamp":1689242939228,"stderr":true,"stdout":"\n"},"type":"ws_msg"}
{"payload":{"local_timestamp":1689242939229,"stderr":true,"stdout":"  File \"C:\\Users\\Hp\\Desktop\\mes projets\\reconnaissance de monnaie\\with yolov5\\yolov5\\utils\\loggers\\__init__.py\", line 129, in __init__\n"},"type":"ws_msg"}
{"payload":{"local_timestamp":1689242939230,"stderr":true,"stdout":"    "},"type":"ws_msg"}
{"payload":{"local_timestamp":1689242939231,"stderr":true,"stdout":"self.comet_logger = CometLogger(self.opt, self.hyp)"},"type":"ws_msg"}
{"payload":{"local_timestamp":1689242939232,"stderr":true,"stdout":"\n"},"type":"ws_msg"}
{"payload":{"local_timestamp":1689242939232,"stderr":true,"stdout":"  File \"C:\\Users\\Hp\\Desktop\\mes projets\\reconnaissance de monnaie\\with yolov5\\yolov5\\utils\\loggers\\comet\\__init__.py\", line 98, in __init__\n"},"type":"ws_msg"}
{"payload":{"local_timestamp":1689242939233,"stderr":true,"stdout":"    "},"type":"ws_msg"}
{"payload":{"local_timestamp":1689242939234,"stderr":true,"stdout":"self.data_dict = self.check_dataset(self.opt.data)"},"type":"ws_msg"}
{"payload":{"local_timestamp":1689242939235,"stderr":true,"stdout":"\n"},"type":"ws_msg"}
{"payload":{"local_timestamp":1689242939236,"stderr":true,"stdout":"  File \"C:\\Users\\Hp\\Desktop\\mes projets\\reconnaissance de monnaie\\with yolov5\\yolov5\\utils\\loggers\\comet\\__init__.py\", line 233, in check_dataset\n"},"type":"ws_msg"}
{"payload":{"local_timestamp":1689242939237,"stderr":true,"stdout":"    "},"type":"ws_msg"}
{"payload":{"local_timestamp":1689242939239,"stderr":true,"stdout":"data_config = yaml.safe_load(f)"},"type":"ws_msg"}
{"payload":{"local_timestamp":1689242939240,"stderr":true,"stdout":"\n"},"type":"ws_msg"}
{"payload":{"local_timestamp":1689242939241,"stderr":true,"stdout":"  File \"C:\\Users\\Hp\\AppData\\Local\\Programs\\Python\\Python310\\lib\\site-packages\\yaml\\__init__.py\", line 125, in safe_load\n"},"type":"ws_msg"}
{"payload":{"local_timestamp":1689242939260,"stderr":true,"stdout":"    "},"type":"ws_msg"}
{"payload":{"local_timestamp":1689242939260,"stderr":true,"stdout":"return load(stream, SafeLoader)"},"type":"ws_msg"}
{"payload":{"local_timestamp":1689242939261,"stderr":true,"stdout":"\n"},"type":"ws_msg"}
{"payload":{"local_timestamp":1689242939264,"stderr":true,"stdout":"  File \"C:\\Users\\Hp\\AppData\\Local\\Programs\\Python\\Python310\\lib\\site-packages\\yaml\\__init__.py\", line 79, in load\n"},"type":"ws_msg"}
{"payload":{"local_timestamp":1689242939264,"stderr":true,"stdout":"    "},"type":"ws_msg"}
{"payload":{"local_timestamp":1689242939265,"stderr":true,"stdout":"loader = Loader(stream)"},"type":"ws_msg"}
{"payload":{"local_timestamp":1689242939267,"stderr":true,"stdout":"\n"},"type":"ws_msg"}
{"payload":{"local_timestamp":1689242939267,"stderr":true,"stdout":"  File \"C:\\Users\\Hp\\AppData\\Local\\Programs\\Python\\Python310\\lib\\site-packages\\yaml\\loader.py\", line 34, in __init__\n"},"type":"ws_msg"}
{"payload":{"local_timestamp":1689242939290,"stderr":true,"stdout":"    "},"type":"ws_msg"}
{"payload":{"local_timestamp":1689242939294,"stderr":true,"stdout":"Reader.__init__(self, stream)"},"type":"ws_msg"}
{"payload":{"local_timestamp":1689242939298,"stderr":true,"stdout":"\n"},"type":"ws_msg"}
{"payload":{"local_timestamp":1689242939300,"stderr":true,"stdout":"  File \"C:\\Users\\Hp\\AppData\\Local\\Programs\\Python\\Python310\\lib\\site-packages\\yaml\\reader.py\", line 85, in __init__\n"},"type":"ws_msg"}
{"payload":{"local_timestamp":1689242939316,"stderr":true,"stdout":"    "},"type":"ws_msg"}
{"payload":{"local_timestamp":1689242939316,"stderr":true,"stdout":"self.determine_encoding()"},"type":"ws_msg"}
{"payload":{"local_timestamp":1689242939319,"stderr":true,"stdout":"\n"},"type":"ws_msg"}
{"payload":{"local_timestamp":1689242939320,"stderr":true,"stdout":"  File \"C:\\Users\\Hp\\AppData\\Local\\Programs\\Python\\Python310\\lib\\site-packages\\yaml\\reader.py\", line 124, in determine_encoding\n"},"type":"ws_msg"}
{"payload":{"local_timestamp":1689242939321,"stderr":true,"stdout":"    "},"type":"ws_msg"}
{"payload":{"local_timestamp":1689242939321,"stderr":true,"stdout":"self.update_raw()"},"type":"ws_msg"}
{"payload":{"local_timestamp":1689242939322,"stderr":true,"stdout":"\n"},"type":"ws_msg"}
{"payload":{"local_timestamp":1689242939323,"stderr":true,"stdout":"  File \"C:\\Users\\Hp\\AppData\\Local\\Programs\\Python\\Python310\\lib\\site-packages\\yaml\\reader.py\", line 178, in update_raw\n"},"type":"ws_msg"}
{"payload":{"local_timestamp":1689242939323,"stderr":true,"stdout":"    "},"type":"ws_msg"}
{"payload":{"local_timestamp":1689242939326,"stderr":true,"stdout":"data = self.stream.read(size)"},"type":"ws_msg"}
{"payload":{"local_timestamp":1689242939327,"stderr":true,"stdout":"\n"},"type":"ws_msg"}
{"payload":{"local_timestamp":1689242939329,"stderr":true,"stdout":"  File \"C:\\Users\\Hp\\AppData\\Local\\Programs\\Python\\Python310\\lib\\encodings\\cp1252.py\", line 23, in decode\n"},"type":"ws_msg"}
{"payload":{"local_timestamp":1689242939348,"stderr":true,"stdout":"    "},"type":"ws_msg"}
{"payload":{"local_timestamp":1689242939348,"stderr":true,"stdout":"return codecs.charmap_decode(input,self.errors,decoding_table)[0]"},"type":"ws_msg"}
{"payload":{"local_timestamp":1689242939349,"stderr":true,"stdout":"\n"},"type":"ws_msg"}
{"payload":{"local_timestamp":1689242939362,"stderr":true,"stdout":"UnicodeDecodeError"},"type":"ws_msg"}
{"payload":{"local_timestamp":1689242939362,"stderr":true,"stdout":": "},"type":"ws_msg"}
{"payload":{"local_timestamp":1689242939369,"stderr":true,"stdout":"'charmap' codec can't decode byte 0x90 in position 297: character maps to <undefined>"},"type":"ws_msg"}
{"payload":{"local_timestamp":1689242939371,"stderr":true,"stdout":"\n"},"type":"ws_msg"}
{"payload":{"git_meta":{"branch":"refs/heads/master","origin":"https://github.com/ultralytics/yolov5","parent":"485da42273839d20ea6bdaf142fd02c1027aba61","repo_name":"yolov5","root":"1e84a23f38fad9e52b59101e9f1246d93066ed1e","status":null,"user":"Zakarya elmimouni"},"local_timestamp":1689242940434},"type":"ws_msg"}
